section,page_no,sl_no_on_page,applicant,date_application,date_ruling,subject,ruling_no,pdf_link,pdf_available
Delhi Rulings,1,1,M/s,25.02.2026,11.06.2026,Classification of ‘B-TRAXIM 2C’,CAAR/Del/ADM/12/2026,https://www.cbic.gov.in/CONTENTREPO/CAAR/car-del-12-16062026.pdf,YES
Delhi Rulings,1,2,M/s Servercom (India) Private Limited,16.01.2026,15.06.2026,,CAAR/Del/Servercom/24/2026-27,https://www.cbic.gov.in/CONTENTREPO/CAAR/caar-del-24-16062026.pdf,YES
Delhi Rulings,1,3,M/s DH Lighting India Private Limited,17.03.2026,03.06.2026,,CAAR/Del/DH Lighting/23/2026-27,https://www.cbic.gov.in/CONTENTREPO/CAAR/caar-del-23-16062026.pdf,YES
Delhi Rulings,1,4,M/s DH Lighting India Private Limited,17.03.2026,03.06.2026,,CAAR/Del/DH Lighting/22/2026-27,https://www.cbic.gov.in/CONTENTREPO/CAAR/caar-del-22-16062026.pdf,YES
Delhi Rulings,1,5,M/s DENSO Haryana Pvt. Ltd,02.02.2026,12.06.2026,"Classification of ""Front Camera Module""","CAAR/Del/Denso/14/2026, and CAAR/Del/Denso/15/2026",https://www.cbic.gov.in/CONTENTREPO/CAAR/caar-denso-14-15-del-17062026.pdf,YES
Delhi Rulings,1,6,M/s Solae Company India Pvt Ltd,05.02.2026,12.06.2026,,CAAR/Del/Solae/13/2026-27,https://www.cbic.gov.in/CONTENTREPO/CAAR/caar-del-13-16062026.pdf,YES
Delhi Rulings,1,7,M/s. Samsung India Electronics Pvt Ltd,23.01.2026,08.06.2026,,CAAR/Del/Samsung/11/2026-27,,NO
Delhi Rulings,1,8,"M/s R.B.S. Traders, C/O-Lt.",30.01.2026,27.05.2026,,CAAR/Del/RBS Traders/21/2026-27,https://www.cbic.gov.in/CONTENTREPO/CAAR/caar-del-21-02062026.pdf,YES
Delhi Rulings,1,9,M/s V.G. Enterprises,02.03.2026,12.05.2026,,CAAR/Del/V.G./17-20/2026-27,https://www.cbic.gov.in/CONTENTREPO/CAAR/caar-del-17-20-13052026.pdf,YES
Delhi Rulings,1,10,M/s Think Smart Consultant Private Limited,30.03.2026,04.05.2025,Ruling is kept confidential,CAAR/Del/ThinkSmart/12-16/2026-27,https://www.cbic.gov.in/CONTENTREPO/CAAR/caar-del-12-16-06052026.pdf,YES
Delhi Rulings,2,11,M/s Samsung India Electronics Private Limited,16.12.2025,04.05.2025,Ruling is kept confidential,CCAAR/Del/Samsung/10/2026,,NO
Delhi Rulings,2,12,M/s Toyota Tsusho India Pvt Ltd,03.02.2026,04.05.2026,Ruling is kept confidential,CAAR/Del/Toyota Tsusho/08/2026-27,,NO
Delhi Rulings,2,13,M/s. Samsung India Electronics Pvt Ltd,23.01.2026,24.04.2026,Ruling is kept confidential,CAAR/Del/Samsung/07/2026-27,,NO
Delhi Rulings,2,14,"M/s SWIFT DECORS, JAKHAL ROAD, SUNAM, SANGRUR, Punjab, 148028",04.02.2026,22.04.2026,"Classification on the import of 'PS MOULDING, PS WALL PANEL, PS L PROFILE, PS WALL PANEL SHEET, PVC",CAAR/Del/Swift/05/2026-27,https://www.cbic.gov.in/CONTENTREPO/CAAR/car-del-05-23042026.pdf,YES
Delhi Rulings,2,15,M/s Samsung India Electronics Private Limited,17.11.2025,20.04.2026,,CAAR/Del/Samsung/03/2026,,NO
Delhi Rulings,2,16,M/s. Samsung India Electronics Pvt Ltd,15.04.2026,20.04.2026,,CAAR/Del/Samsung/02/2026-27,,NO
Delhi Rulings,2,17,M/s Navitasys India Private Limited,14.10.2025,08.04.2026,Classification of “46 different products under varioud HSN of the Schedule to the Customs Tariff Act,CAAR/Del/Navitasys/01/2026,https://www.cbic.gov.in/CONTENTREPO/CAAR/caar-delhi-rul-Navitasys-01-17042026.pdf,YES
Delhi Rulings,2,18,M/s Solterra Technologies Pvt Ltds,09.12.2025,08.04.2026,"Classification of ""Electric Vehicle Communication controller"" under 85176290 of the Schedule to the",CAAR/Del/Solterra/01/2026,https://www.cbic.gov.in/CONTENTREPO/CAAR/caar-del-solterra-01-15042026.pdf,YES
Delhi Rulings,2,19,M/s Kingshine Laminates Private Limited,06.01.2026,12.02.2026,"Classification of PS MOULDING, PS WALL PANEL, PS L PROFILE, PS WALL PANEL SHEET, PVC PANEL FOAM, PVC",CAAR/Del/Kingshine/132/2025-26,https://www.cbic.gov.in/CONTENTREPO/CAAR/caar-del-132-01042026.pdf,YES
Delhi Rulings,2,20,M/s Vivo Mobile India Private Limited,16.12.2025,30.03.2026,Classification of parts for manufacturing of cellular mobile phones and Printed Circuit Board Assemb,CAAR/Del/Vivo/140/2025-26,https://www.cbic.gov.in/CONTENTREPO/CAAR/caar-del-140-30032026.pdf,YES
Delhi Rulings,3,21,M/s Samsung India Electronics Private Limited,17.11.2025,02.03.2026,Classification of Side key FPCB for use in manufacture of smartphone,CAAR/Del/Samsung/137/2026,,NO
Delhi Rulings,3,22,M/s Vivo Mobile India Private Limited,30.07.2025,16.02.2026,Classification of Display Assembly,CAAR/Del/Vivo/133/2026,https://www.cbic.gov.in/CONTENTREPO/CAAR/caar-del-133-24032026.pdf,YES
Delhi Rulings,3,23,M/s Volvo Auto India Private Limited,16.12.2025,17.02.2026,,CAAR/Del/Volvo/135/2025-26,,NO
Delhi Rulings,3,24,M/s Samsung Display Noida Pvt Ltd,03.12.2025,31.01.2026,Classification of LAMI Panel Loader and Unloader’,CAAR/Del/Samsung/126/2025-26,,NO
Delhi Rulings,3,25,M/s Danisco India Private Limted,10.02.2025,30.12.2025,Sharp PS,Corrigendum,https://www.cbic.gov.in/CONTENTREPO/CAAR/caar-delhi-rul-corri-03022026.pdf,YES
Delhi Rulings,3,26,M/s Danisco India Private Limted,10.02.2025,30.12.2025,Sharp PS,CAAR/Del/Danisco/111/2025,https://www.cbic.gov.in/CONTENTREPO/CAAR/caar-delhi-rul-111-03022026.pdf,YES
Delhi Rulings,3,27,M/s VinFast Auto India Private Limited,12.08.2025,31.01.2026,Import of Various Items for manufacture of EVs,CAAR/Del/VinFast/131/2025-26,https://www.cbic.gov.in/CONTENTREPO/CAAR/caar-del-131-03022026.pdf,YES
Delhi Rulings,3,28,M/s Shri Balaji Multi Designs Private Limited,06.01.2025,31.01.2026,PVC Items,CAAR/Del/Sri Balaji/130/2025-26,https://www.cbic.gov.in/CONTENTREPO/CAAR/caar-del-130-03022026.pdf,YES
Delhi Rulings,3,29,M/s SP Traders,22.12.2025,31.01.2026,PVC Items,CAAR/Del/SP Traders/128/2025-26,https://www.cbic.gov.in/CONTENTREPO/CAAR/caar-del-128-03022026.pdf,YES
Delhi Rulings,3,30,M/s Shloka Valves (P) Ltd,23.10.2025,31.01.2026,Brass Rods​,CAAR /Del/Shloka/127/2025-26,https://www.cbic.gov.in/CONTENTREPO/CAAR/caar-del-127-03022026.pdf,YES
Delhi Rulings,4,31,M/s Pooja Rice Industries,24.12.2025,30.01.2026,The product under consideration i.e PVC Panel is classifiable under tariff entry 3921 or not,CAAR/Del/Pooja Rice/125/2025-26,https://www.cbic.gov.in/CONTENTREPO/CAAR/car-del-125-02022026.pdf,YES
Delhi Rulings,4,32,M/s Lords Interior Private Limited,16.12.2025,31.01.2026,The product under consideration i.e PVC Panel is classifiable under tariff entry 3921 or not,CAAR/Del/Lords/122/2025-26,https://www.cbic.gov.in/CONTENTREPO/CAAR/car-del-122-02022026.pdf,YES
Delhi Rulings,4,33,M/s. Samsung Display Noida Private Limited,17.10.2025,21.01.2026,Window Glass,CAAR/Del/Samsung/123/2025-26,https://www.cbic.gov.in/CONTENTREPO/CAAR/caar-delhi-rul-123-21012026.pdf,YES
Delhi Rulings,4,34,M/s Sacred Nuts Private Ltd,16.07.2025,15.01.2026,Dark Seedles Raisin,CAAR/Del/SacredNuts/121/2025-26,https://www.cbic.gov.in/CONTENTREPO/CAAR/caar-del-order-121-16012026.pdf,YES
Delhi Rulings,4,35,M/s V. G. Enterprises,27.10.2025,15.01.2026,,CAAR/Del/V.G./117-120/2025-26,,NO
Delhi Rulings,4,36,M/s Danisco India Pvt Ltd.,10.07.2025,16.12.2025,Danisco Phytase,CAAR/Del/Danisco/104/2025,https://www.cbic.gov.in/CONTENTREPO/CAAR/car-del-104-09012026.pdf,YES
Delhi Rulings,4,37,M/s Danisco India Pvt Ltd.,15.05.2025,19.11.2025,Linum Life®,CAAR/Del/Danisco/93/2025,https://www.cbic.gov.in/CONTENTREPO/CAAR/car-del-93-09012026.pdf,YES
Delhi Rulings,4,38,M/s Danisco India Pvt Ltd.,15.05.2025,18.11.2025,AB Fortis,CAAR/Del/Danisco/92/2025,https://www.cbic.gov.in/CONTENTREPO/CAAR/car-del-92-09012026.pdf,YES
Delhi Rulings,4,39,M/s Furo Enterprises,20.06.2025,04.11.2025,Girl's Slip,CAAR/Del/Furo/89/2025,https://www.cbic.gov.in/CONTENTREPO/CAAR/car-del-89-09012026.pdf,YES
Delhi Rulings,4,40,M/s Honeywell International (India) Pvt. Ltd.,02.05.2025,16.10.2025,"Mobile Computers, Tablet Computers, Wearable Computers and Vehicle-Mounted Computers",CAAR/Del/Honeywell/76/2025,https://www.cbic.gov.in/CONTENTREPO/CAAR/car-del-76-09012026.pdf,YES
Delhi Rulings,5,41,M/s Mitsubishi Electric India Private Limited,11.09.2025,01.01.2026,"The parts of Air conditioners in CKD/SKD condition, under different bills of entry by presenting the",CAAR/Del/Mitsubishi/114/2025,https://www.cbic.gov.in/CONTENTREPO/CAAR/car-del-114-06012026.pdf,YES
Delhi Rulings,5,42,M/s India Medtronic Private Limited,29.09.2025,05.12.2025,The product under consideration i.e Onyx Embolization System classifiable under tariff entry 9021 39,CAAR/Del/India Medtronics/110/2025,https://www.cbic.gov.in/CONTENTREPO/CAAR/car-del-110-06012026.pdf,YES
Delhi Rulings,5,43,M/s India Medtronic Private Limited,04.09.2025,22.12.2025,The product under consideration i.e Annuplasty Band is classifiable under tariff entry 9021 39 00 as,CAAR/Del/India Medtronics/109/2025,https://www.cbic.gov.in/CONTENTREPO/CAAR/car-del-109-06012026.pdf,YES
Delhi Rulings,5,44,M/s Starlink Satellite Communication Private Limited,04.09.2025,31.12.2025,Racks,CAAR/Del/Starlink/112-113/2025,https://www.cbic.gov.in/CONTENTREPO/CAAR/car-del-112-113-05012026.pdf,YES
Delhi Rulings,5,45,M/s India Medtronic Private Limited,02.09.2025,19.12.2025,The product under consideration i.e Solitaire AB stent is classifiable under tariff entry 9021 39 00,CAAR/Del/India Medtronics/108/2025,https://www.cbic.gov.in/CONTENTREPO/VPNcontents/CAAR/caar-del-108-29122025.pdf,YES
Delhi Rulings,5,46,M/s ATL Battery Technology (India) Private Limited,08.05.2025,18.12.2025,"Sub-parts, inputs and raw materials to manufacture Lithium-ion cells",CAAR/Del/ATL/107/2025,https://www.cbic.gov.in/CONTENTREPO/CAAR/caar-delhi-rul-107-19122025.pdf,YES
Delhi Rulings,5,47,M/s Qaigen India Pvt. Ltd.,18.12.2024,18.12.2025,Filter Tips,CAAR/Del/Qiagen/106/2025,https://www.cbic.gov.in/CONTENTREPO/CAAR/caar-delhi-rul-106-19122025.pdf,YES
Delhi Rulings,5,48,M/s Qaigen India Pvt. Ltd.,25.12.2025,17.12.2025,Diagnosis kits,CAAR/Del/Qiagen/105/2025,https://www.cbic.gov.in/CONTENTREPO/CAAR/caar-delhi-rul-105-19122025.pdf,YES
Delhi Rulings,5,49,M/s ATL Battery Technology (India) Private Limited,08.05.2025,18.12.2025,"Sub-parts, inputs and raw materials to manufacture Lithium-ion cells",CAAR/Del/ATL/103/2025,https://www.cbic.gov.in/CONTENTREPO/CAAR/caar-delhi-rul-103-20122025.pdf,YES
Delhi Rulings,5,50,M/s India Medtronic Private Limited,04.09.2025,08.12.2025,The product under consideration i.e Solitaire AB stent is classifiable under tariff entry 9021 39 00,CAAR/Del/India Medtronics/101/2025,https://www.cbic.gov.in/CONTENTREPO/VPNcontents/CAAR/caar-del-101-29122025.pdf,YES
Delhi Rulings,6,51,M/s India Medtronic Private Limited,04.09.2025,05.12.2025,The product under consideration i.e Embolization coils classifiable under tariff entry 9021 39 00 as,CAAR/Del/India Medtronics/100/2025,https://www.cbic.gov.in/CONTENTREPO/VPNcontents/CAAR/caar-del-100-29122025.pdf,YES
Delhi Rulings,6,52,M/s India Medtronic Private Limited,04.09.2025,04.12.2025,The product under consideration i.e Axium Coil is classifiable under tariff entry 9021 39 00 as Othe,CAAR/Del/India Medtronics/99/2025,https://www.cbic.gov.in/CONTENTREPO/VPNcontents/CAAR/caar-del-99-29122025.pdf,YES
Delhi Rulings,6,53,M/s Qiagen India Pvt Ltd,24.12.2024,01.12.2025,Spectrometers,CAAR/Del/Qiagen/98/2025,https://www.cbic.gov.in/CONTENTREPO/CAAR/caar-del-98-08122025.pdf,YES
Delhi Rulings,6,54,M/s Qiagen India Pvt Ltd,24.12.2024,26.11.2025,Diagnostic Kits/Reagents/Instruments,CAAR/Del/Qiagen/97/2025,https://www.cbic.gov.in/CONTENTREPO/CAAR/car-del-97-27112025.pdf,YES
Delhi Rulings,6,55,M/s ATL battery Technology India Pvt Ltd,08.05.2025,26.11.2025,Parts of Lithium Ion Cells,CAAR/Del/ATL/96/2025,https://www.cbic.gov.in/CONTENTREPO/CAAR/car-del-96-27112025.pdf,YES
Delhi Rulings,6,56,M/s Stufa Manufacturing Enterprises,04.09.2025,24.11.2025,OTG parts,CAAR/Del/Stufa/95/2025,https://www.cbic.gov.in/CONTENTREPO/CAAR/car-del-95-27112025.pdf,YES
Delhi Rulings,6,57,M/s Qiagen India Pvt Ltd,19.12.2024,19.11.2025,Diagnostic Kits/Reagents/Instruments,CAAR/Del/Qiagen/94/2025,https://www.cbic.gov.in/CONTENTREPO/CAAR/car-del-94-27112025.pdf,YES
Delhi Rulings,6,58,M/s Hingpu Overseas,13.05.2025,13.11.2025,Beer,CAAR/Del/91/2025,https://www.cbic.gov.in/CONTENTREPO/CAAR/caar-del-91-21112025.pdf,YES
Delhi Rulings,6,59,M/s Vivo Mobile India Limited,03.01.2025,12.11.2025,Mobile parts,CAAR/Del/Vivo/90/2025,https://www.cbic.gov.in/CONTENTREPO/CAAR/caar-del-90-21112025.pdf,YES
Delhi Rulings,6,60,M/s Rohde & Schwarz India Private Limited,16.04.2025,23.10.2025,Spectrum Analysers,"CAAR/Del/Rhode/85, 86, 87, 88/2025",https://www.cbic.gov.in/CONTENTREPO/CAAR/caar-del-roh-85-88-27102025.pdf,YES
Delhi Rulings,7,61,M/s Rohde & Schwarz India Private Limited,16.04.2025,22.10.2025,R&S® CMA 180 Radio Test Set,"CAAR/Del/Rhode/81, 82, 83, 84/2025",https://www.cbic.gov.in/CONTENTREPO/CAAR/caar-del-roh-81-84-27102025.pdf,YES
Delhi Rulings,7,62,M/s Rohde & Schwarz India Private Limited,19.05.2025,17.10.2025,PVT 360A Performance Vector Tester,"CAAR/Del/Rhode/77, 78, 79, 80/2025",https://www.cbic.gov.in/CONTENTREPO/CAAR/caar-del-roh-77-80-27102025.pdf,YES
Delhi Rulings,7,63,M/s Samsung India Electronics Private Limited,11.06.2025,14.10.2025,Wired Remote Controller,CAAR/Del/Samsung India/75/2025,https://www.cbic.gov.in/CONTENTREPO/CAAR/caar-del-samsang-75-16102025.pdf,YES
Delhi Rulings,7,64,M/s Samkwang India Electronics Private Limited,04.06.2025,14.10.2025,Assy Case Front or Front Cover,CAAR/Del/Samkwang/74/2025,https://www.cbic.gov.in/CONTENTREPO/CAAR/caar-del-samkwang-74-16102025.pdf,YES
Delhi Rulings,7,65,M/s QIAGEN India Pvt. Ltd.,18.12.2024,11.08.2025,Nuclease Free Water,CAAR/Del/QIAGEN/47/2025,https://www.cbic.gov.in/CONTENTREPO/CAAR/car-del-47-13102025.pdf,YES
Delhi Rulings,7,66,M/s Bird flight Services Pvt Ltd,20.06.2025,07.10.2025,Air Conditioning Unit,CAAR/Del/Bird Flight/72/2025,https://www.cbic.gov.in/CONTENTREPO/CAAR/caar-del-Bird-72-09102025.pdf,YES
Delhi Rulings,7,67,M/s Shri Ganesh International,05.06.2025,07.10.2025,"PVC, PS and PU products",CAAR/Del/Shri Ganesh/71/2025,https://www.cbic.gov.in/CONTENTREPO/CAAR/caar-del-gan-71-09102025.pdf,YES
Delhi Rulings,7,68,M/s Hewlett Packard Enterprise India Pvt Ltd,08.05.2025,01.10.2025,Utility interconnected photovoltaic Inverte,CAAR/Del/Hewlett Packard/68/2025,https://www.cbic.gov.in/CONTENTREPO/VPNcontents/CAAR/caar-del-68-09102025.pdf,YES
Delhi Rulings,7,69,M/s Uniqlo India Pvt. Ltd.,13.12.2024,24.07.2025,Knitted Fleece Lounge Set,CAAR/Del/Uniqlo/40/2025,https://www.cbic.gov.in/CONTENTREPO/CAAR/car-del-40-09102025.pdf,YES
Delhi Rulings,7,70,M/s Samsung India Electronics Private Limited,20.12.2024,20.06.2025,Stylus Pen.,CAAR/Del/Samsung/33/2025,https://www.cbic.gov.in/CONTENTREPO/CAAR/caar-del-samsug-33-08102025.pdf,YES
Delhi Rulings,8,71,M/s Samsung India Electronics (P) Ltd.,11.07.2025,01.10.2025,Watch Bands,CAAR/Del/Samsung India/70/2025,https://www.cbic.gov.in/CONTENTREPO/CAAR/caar-delhi-rul-70-07102025.pdf,YES
Delhi Rulings,8,72,M/s TXD India Technology Pvt. Limited,28.04.2025,22.09.2025,Display assembly of cellular mobile phones,CAAR/Del/TXD/63/2025,https://www.cbic.gov.in/CONTENTREPO/CAAR/caar-delhi-rul-63-07102025.pdf,YES
Delhi Rulings,8,73,M/s Samsung Display Noida Private Limited,19.05.2025,12.09.2025,Whether benefit of Notification No. 24/2005 shall be available in case of import of inputs and parts,CAAR/Del/Samsung Display/62/2025,https://www.cbic.gov.in/CONTENTREPO/CAAR/car-del62-22092025.pdf,YES
Delhi Rulings,8,74,M/s JSW MG Motor India Pvt. Limited,27.01.2025,16.09.2025,Unassembled Kit of M9,CAAR/Del/JSW/59-61/2025,,NO
Delhi Rulings,8,75,M/s Canon India Pvt. Ltd,28-04-2025,18-08-2025,Import of Canon Camera Model No. K 518,CAAR/Del/Canon/48/2025,,NO
Delhi Rulings,8,76,M/s Veesan International Trading Private Limited,04-06-2025,11-08-2025,Import of “Flavoured Supari’,CAAR/Del/Veesan/46/2025,https://www.cbic.gov.in/CONTENTREPO/VPNcontents/CAAR/caar-del-46-19082025.pdf,YES
Delhi Rulings,8,77,M/s Gauma Apparels Internatio (OPC) Pvt Ltd,05-06-2025,11-08-2025,Import of “Flavoured Supari’,CAAR/Del/Gauma/45/2025,https://www.cbic.gov.in/CONTENTREPO/VPNcontents/CAAR/caar-del--45-19082025.pdf,YES
Delhi Rulings,8,78,M/s Le Mei Plastic Manufacturing Private Limited,05-03-2025,06-08-2025,"Import of ""Aluminum plates, Magnesium alloy sheet, Heat Dissipating films, Silicon pads, Conductive",CAAR/Del/Le Mei/44/2025,https://www.cbic.gov.in/CONTENTREPO/CAAR/car-del-44-08082025.pdf,YES
Delhi Rulings,8,79,M/s Mitsubishi Electric Automotive India Private Limited,05.03.2025,30.07.2025,Import of Inverter Assembly Units,CAAR/Del/Mitsubishi/43/2025,https://www.cbic.gov.in/CONTENTREPO/CAAR/car-del-43-06082025.pdf,YES
Delhi Rulings,8,80,M/s Amazon Wholesale India Private Limited,11-04-2025,28-07-2025,"Import of ‘Electronic Display Device’ (E-Reader) (Kindle Colorsoft), Model No. SA58CB",CAAR/Del/Amazon/42/2025,,NO
Delhi Rulings,9,81,M/s Sun Max Solar Pvt Ltd,21.11.2024,24.07.2025,Utility interconnected photovoltaic Inverte,CAAR/Del/Sunmax/41/2025,https://www.cbic.gov.in/CONTENTREPO/VPNcontents/CAAR/caar-del-41-25092025.pdf,YES
Delhi Rulings,9,82,M/s Amazon Wholesale India Private Limited,12.03.2025,20.06.2025,"Import of ""4K Streaming Media Player [Model No. CL32P4] (Fire TV Stick 4K Select)"" with Alexa voice",CAAR/Del/Amazon/35/2025,,NO
Delhi Rulings,9,83,M/s Amazon Wholesale India Private Limited,12.03.2025,20.06.2025,"Import of ""4K Streaming Media Player [Model No. CL32P4] (Fire TV Stick 4K Select)"" with Alexa voice",CAAR/Del/Amazon/35/2025,,NO
Delhi Rulings,9,84,M/s Amazon Wholesale India Private Limited,13.12.2024,20.06.2025,"EchoShow 5(3rd Generation), Model No. H97N6S",CAAR/Del/Amazon/34/2025,,NO
Delhi Rulings,9,85,M/s Amazon Wholesale India Private Limited,13.12.2024,20.06.2025,"EchoShow 5(3rd Generation), Model No. H97N6S",CAAR/Del/Amazon/34/2025,,NO
Delhi Rulings,9,86,M/s Amazon Wholesale India Private Limited,16.12.2024,20.06.2025,"Alexa Voice remote, Model No. PA38CA",CAAR/Del/Amazon/32/2025,,NO
Delhi Rulings,9,87,M/s Aptiv Component India Private Limited,22.01.2025,04.06.2025,Import of Electromagnetic Interference Filter,CAAR/Del/Aptiv/31/2025,,NO
Delhi Rulings,9,88,M/s Wabtec Locomotive Private Limited,06.02.2025,04.06.2025,Import of raw materials for manufacturing of locomotives,CAAR/Del/Wabtec/30/2025,https://www.cbic.gov.in/CONTENTREPO/CAAR/del-webtec-11062025.pdf,YES
Delhi Rulings,9,89,M/s Vivo Mobile India Pvt. Ltd,26.11.2024,20.05.2025,Import of FPC board,CAAR/Del/Vivo Mobile/29/2025,https://www.cbic.gov.in/CONTENTREPO/CAAR/del-vivo-11062025.pdf,YES
Delhi Rulings,9,90,M/s Canon India Pvt Ltd,27.11.2024,20.05.2025,Import of Canon Caera Model NO. K 516 (DS126941),CAAR/Del/Canon/28/2025,,NO
Delhi Rulings,10,91,M/s Aptiv Component India Private limited,22.01.2025,07.05.2025,Chock Coils,CAAR/Del/Aptiv/27/2025,https://www.cbic.gov.in/CONTENTREPO/CAAR/caar-del-aptiv-27-14052025.pdf,YES
Delhi Rulings,10,92,M/s Aptiv Component India Private limited,22.01.2025,07.05.2025,Ferrite Beads,CAAR/Del/Aptiv/26/2025,https://www.cbic.gov.in/CONTENTREPO/CAAR/caar-del-aptiv-26-14052025.pdf,YES
Delhi Rulings,10,93,M/s Star Enterprises,16-12-2024,18-02-2025,Provisional Preserved Areca nut (Whole) and Provisional Preserved Areca Nut (Split),CAAR/Del/Star/25/2025,https://www.cbic.gov.in/CONTENTREPO/CAAR/caar-del-star-25-21022025.pdf,YES
Delhi Rulings,10,94,M/s Star Enterprises,16-12-2024,18-02-2025,Provisional Preserved Areca nut (Whole) and Provisional Preserved Areca Nut (Split),CAAR/Del/Star/24/2025,https://www.cbic.gov.in/CONTENTREPO/CAAR/caar-del-star-24-21022025.pdf,YES
Delhi Rulings,10,95,M/s Star Enterprises,16-12-2024,18-02-2025,Provisional Preserved Areca nut (Whole) and Provisional Preserved Areca Nut (Split),CAAR/Del/Star/23/2025,https://www.cbic.gov.in/CONTENTREPO/CAAR/caar-del-star-23-21022025.pdf,YES
Delhi Rulings,10,96,M/s Akam Impex,13.12.2024,18.02.2025,Provisional Preserved Areca nut (Whole) and Provisional Preserved Areca Nut (Split),CAAR/Del/AKAM/22/2025,https://www.cbic.gov.in/CONTENTREPO/CAAR/caar-delhi-rul-22-21022025.pdf,YES
Delhi Rulings,10,97,M/s Akam Impex,13.12.2024,18.02.2025,Provisional Preserved Areca nut (Whole) and Provisional Preserved Areca Nut (Split),CAAR/Del/AKAM/21/2025,https://www.cbic.gov.in/CONTENTREPO/CAAR/caar-delhi-rul-21-21022025.pdf,YES
Delhi Rulings,10,98,M/s Perfect Trading Co.,11.10.2024,03.02.2025,Defatted Coconut Powder,CAAR/Del/Perfect/20/2025,,NO
Delhi Rulings,10,99,M/s Clarion India Private Limited,24.09.2024,24.01.2025,"LCD panel, Touch Screen and Printed Circuit Boards",CAAR/Del/Clarion/19/2025,https://www.cbic.gov.in/CONTENTREPO/CAAR/caar-del-clarion-19-28012025.pdf,YES
Delhi Rulings,10,100,M/s Amazon Wholesale India Private Limited,30.10.2024,24.01.2025,"Import of “Electronic Display Device (E-Reader) (Kindle Paperwhite Gen12) Model No. SA568B)""",CAAR/Del/Amazon/18/2025,,NO
Delhi Rulings,11,101,M/s Apple Operations International (Ltd.),09-10-2024,23.01.2025,"Export of “Rear camera Integrated Module Subassembly"" (product)",CAAR/Del/Apple/17/2025,https://www.cbic.gov.in/CONTENTREPO/CAAR/caar-del-apple-17-28012025.pdf,YES
Delhi Rulings,11,102,M/s Apple Operations International (Ltd.),09-10-2024,23.01.2025,"Export of “Pearl Assembly Module Subassembly"" (product)",CAAR/Del/Apple/16/2025,https://www.cbic.gov.in/CONTENTREPO/CAAR/caar-del-apple-16-28012025.pdf,YES
Delhi Rulings,11,103,M/s Apple Operations International (Ltd.),09-10-2024,23.01.2025,"Export of “Pearl Assembly Module Subassembly"" (product)",CAAR/Del/Apple/15/2025,https://www.cbic.gov.in/CONTENTREPO/CAAR/caar-del-apple-15-28012025.pdf,YES
Delhi Rulings,11,104,M/s Apple Operations International (Ltd.),09-10-2024,23.01.2025,"Export of “Rear camera Integrated Module Subassembly"" (product)",CAAR/Del/Apple/14/2025,https://www.cbic.gov.in/CONTENTREPO/CAAR/caar-del-apple-14-28012025.pdf,YES
Delhi Rulings,11,105,M/s Apple Operations International (Ltd.),09-10-2024,23.01.2025,"Export of “Back Glass Subassembly"" (product)",CAAR/Del/Apple/13/2025,https://www.cbic.gov.in/CONTENTREPO/CAAR/caar-del-apple-13-28012025.pdf,YES
Delhi Rulings,11,106,M/s Apple Operations International (Ltd.),09-10-2024,23.01.2025,"Export of “housing Module"" (product)",CAAR/Del/Apple/12/2025,https://www.cbic.gov.in/CONTENTREPO/CAAR/caar-del-apple-12-28012025.pdf,YES
Delhi Rulings,11,107,M/s Apple Operations International (Ltd.),09-10-2024,23.01.2025,"Export of “Cover Glass Module"" (product)",CAAR/Del/Apple/11/2025,https://www.cbic.gov.in/CONTENTREPO/CAAR/caar-del-apple-11-28012025.pdf,YES
Delhi Rulings,11,108,M/s Apple Operations International (Ltd.),09-10-2024,23.01.2025,"Export of ""Receiver Upper Antenna"" Subassembly (Product)",CAAR/Del/Apple/10/2025,https://www.cbic.gov.in/CONTENTREPO/CAAR/caar-del-apple-10-28012025.pdf,YES
Delhi Rulings,11,109,M/s Apple Operations International (Ltd.),09-10-2024,22.01.2025,"Export of “Back Glass Subassembly""(product)",CAAR/Del/Apple/09/2025,https://www.cbic.gov.in/CONTENTREPO/CAAR/caar-del-apple-09-28012025.pdf,YES
Delhi Rulings,11,110,M/s Apple Operations International (Ltd.),09-10-2024,22.01.2025,"Export of “housing Module"" (product)",CAAR/Del/Apple/08/2025,https://www.cbic.gov.in/CONTENTREPO/CAAR/caar-del-apple-08-28012025.pdf,YES
Delhi Rulings,12,111,M/s Apple Operations International (Ltd.),09-10-2024,22.01.2025,"Export of “Cover Glass Module"" (product)",CAAR/Del/Apple/07/2025,https://www.cbic.gov.in/CONTENTREPO/CAAR/caar-del-apple-07-28012025.pdf,YES
Delhi Rulings,12,112,M/s Apple Operations International (Ltd.),09-10-2024,21.01.2025,"Export of ""Receiver Upper Antenna Subassembly"" (Product)",CAAR/Del/Apple/06/2025,https://www.cbic.gov.in/CONTENTREPO/CAAR/caar-del-apple-06-28012025.pdf,YES
Delhi Rulings,12,113,M/s Akam Impex,13.12.2024,14.01.2025,"Roasted Areca Nuts (whole), Roasted Areca Nuts (Split), Roasted Areca Nuts (cut)",CAAR/Del/Akam/05/2025,https://www.cbic.gov.in/CONTENTREPO/CAAR/caar-del-akam-05-20012025.pdf,YES
Delhi Rulings,12,114,M/s BYD India Private Limited,28.10.2024,14.01.2025,Unassembled EV Kits,CAAR/Del/B.Y.D. India/04/2025,,NO
Delhi Rulings,12,115,M/s Kodarma Chemi (p) ltds,09.10.2024,08.01.2025,Pyrolysis Gasoline,CAAR/Delhi/Kodarma/03/2025,https://www.cbic.gov.in/CONTENTREPO/CAAR/caar-delhi-kodarama-13012025.pdf,YES
Delhi Rulings,12,116,M/s shri ram overseas,16.10.2024,08.01.2025,"Roasted Areca Nuts (whole), Roasted Areca Nuts (Split), Roasted Areca Nuts (cut)",CAAR/Delhi/Shri Ram/02/2025,https://www.cbic.gov.in/CONTENTREPO/CAAR/caar-delhi-13jan2025.pdf,YES
Delhi Rulings,12,117,M/s shri ram overseas,16.10.2024,08.01.2025,"Roasted Areca Nuts (whole), Roasted Areca Nuts (Split), Roasted Areca Nuts (cut)",CAAR/Delhi/Shri Ram/01/2025,https://www.cbic.gov.in/CONTENTREPO/CAAR/caar-delhi-13012025.pdf,YES
Delhi Rulings,12,118,M/s Star Enterprise,03.10.2024,31.12.2024,"Roasted Areca Nuts (whole), Roasted Areca Nuts (Split), Roasted Areca Nuts (cut)",CAAR/Delhi/Star/122/2024,https://www.cbic.gov.in/CONTENTREPO/CAAR/caar-del-star-122-03012025.pdf,YES
Delhi Rulings,12,119,Danisco India Pvt. Ltd.,24.09.2024,30.12.2024,Grindsted PGE 55-M,CAAR/Delhi/Danisco/121/2024,https://www.cbic.gov.in/CONTENTREPO/CAAR/CAAR-Danisco-121-2024.pdf,YES
Delhi Rulings,12,120,Danisco India Pvt. Ltd.,24.09.2024,30.12.2024,Grindsted SSL P 70 Veg,CAAR/Delhi/Danisco/120/2024,https://www.cbic.gov.in/CONTENTREPO/CAAR/CAAR-Danisco-120-2024.pdf,YES
Delhi Rulings,13,121,Danisco India Pvt. Ltd.,24.09.2024,30.12.2024,Grindsted PGMS 86,CAAR/Delhi/Danisco/119/2024,https://www.cbic.gov.in/CONTENTREPO/CAAR/CAAR-Danisco-119-2024.pdf,YES
Delhi Rulings,13,122,Star Enterprise,24.09.2024,27.12.2024,"Roasted Areca Nuts (whole), Roasted Areca Nuts (Split), Roasted Areca Nuts (cut)",CAAR/Delhi/Star/118/2024,https://www.cbic.gov.in/CONTENTREPO/CAAR/caar-delhi-rul-118-31122024.pdf,YES
Delhi Rulings,13,123,Danisco India Pvt. Ltd.,23.09.2024,27.12.2024,Grindsted PS 101 M,CAAR/Delhi/Danisco/117/2024,https://www.cbic.gov.in/CONTENTREPO/CAAR/caar-delhi-rul-117-31122024.pdf,YES
Delhi Rulings,13,124,Danisco India Pvt. Ltd,24.09.2024,26.12.2024,Dimodan HP-M and Dimodan HP,CAAR/Delhi/Dansico/116/2024,https://www.cbic.gov.in/CONTENTREPO/CAAR/caar-delhi-116-2024.pdf,YES
Delhi Rulings,13,125,R V International,23.09.2024,24.12.2024,Prov. Pres. Areca Nuts (whole/split),CAAR/Delhi/R V Intl./115/2024,https://www.cbic.gov.in/CONTENTREPO/CAAR/caar-del-115-2024.pdf,YES
Delhi Rulings,13,126,R V International,23.09.2024,24.12.2024,Prov. Pres. Areca Nuts (whole/split),CAAR/Delhi/R V Intl./114/2024,https://www.cbic.gov.in/CONTENTREPO/CAAR/caar-del-114-2024.pdf,YES
Delhi Rulings,13,127,Samsung India Electronics Private Limited,12.09.2024,24.12.2024,"Samsung Galaxy Ring, Sizing Kit",CAAR/Delhi/Samsung/113/2024,https://www.cbic.gov.in/CONTENTREPO/CAAR/caar-samsung-113-2024.pdf,YES
Delhi Rulings,13,128,Lujee International Company Ltd,24.09.2024,24.12.2024,provisionally Areca nuts (whole) and provisionally preserved Areca Nut( split),CAAR/Delhi/Lujje/112/2024,https://www.cbic.gov.in/CONTENTREPO/CAAR/caar-lujee-112-2024.pdf,YES
Delhi Rulings,13,129,Lujee International Company Ltd,24.09.2024,24.12.2024,provisionally Areca nuts (whole) and provisionally preserved Areca Nut( split),CAAR/Delhi/Lujje/111/2024,https://www.cbic.gov.in/CONTENTREPO/CAAR/caar-lujee-111-2024.pdf,YES
Delhi Rulings,13,130,Lujee International Company Ltd,24.09.2024,24.12.2024,provisionally Areca nuts (whole) and provisionally preserved Areca Nut( split),CAAR/Delhi/Lujje/110/2024,https://www.cbic.gov.in/CONTENTREPO/CAAR/caar-lujee-110-2024.pdf,YES
Delhi Rulings,14,131,Betel Nuts Suppliers LLP,23.09.2024,23.12.2024,Menthol scented supari,CAAR/Delhi/Betelnut/109/2024,https://www.cbic.gov.in/CONTENTREPO/CAAR/caar-delhi-rul-109-26122024.pdf,YES
Delhi Rulings,14,132,Lujee International Company Ltd,24.09.2024,23.12.2024,Menthol scented supari and flavored coated illaichi,CAAR/Delhi/Lujee/108/2024,https://www.cbic.gov.in/CONTENTREPO/CAAR/caar-delhi-rul-108-26122024.pdf,YES
Delhi Rulings,14,133,Lujee International Company Ltd,24.09.2024,23.12.2024,provisionally preserved Areca nuts (whole) and provisionally preserved Areca Nut(split),CAAR/Delhi/Lujee/107/2024,https://www.cbic.gov.in/CONTENTREPO/CAAR/caar-delhi-rul-107-26122024.pdf,YES
Delhi Rulings,14,134,R V International,23.09.2024,23.12.2024,Prov. Pres. Areca Nuts (whole/split),CAAR/Delhi/R.V. International/106/2024,https://www.cbic.gov.in/CONTENTREPO/CAAR/caar-delhi-rul-106-26122024.pdf,YES
Delhi Rulings,14,135,R V International,23.09.2024,20.12.2024,Prov. Pres. Areca Nuts (whole/split),CAAR/Delhi/R.V. International/105/2024,https://www.cbic.gov.in/CONTENTREPO/CAAR/caar-delhi-rul-105-26122024.pdf,YES
Delhi Rulings,14,136,Lujee International Company Ltd,24.09.2024,20.12.2024,Menthol scented supari and flavored coated illaichi,CAAR/Delhi/Lujee/104/2024,https://www.cbic.gov.in/CONTENTREPO/CAAR/caar-delhi-rul-104-26122024.pdf,YES
Delhi Rulings,14,137,Mystique Impex Pvt. Ltd.,09.09.2024,20.12.2024,Provisionally preserved areca Nuts,CAAR/Delhi/Mystique/103/2024,https://www.cbic.gov.in/CONTENTREPO/CAAR/caar-delhi-rul-103-26122024.pdf,YES
Delhi Rulings,14,138,R V International,24.09.2024,20.12.2024,Menthol Scented Supari and Flavored and coated Illaichi,CAAR/Delhi/R.V. International/102/2024,https://www.cbic.gov.in/CONTENTREPO/CAAR/caar-delhi-rul-102-26122024.pdf,YES
Delhi Rulings,14,139,Vapa Overseas Pvt Ltd,24.09.2024,20.12.2024,Menthol Scented Supari and Flavored and coated Illaichi,CAAR/Delhi/Vapa Overseas/101/2024,https://www.cbic.gov.in/CONTENTREPO/CAAR/caar-delhi-rul-101-26122024.pdf,YES
Delhi Rulings,14,140,Plumage Solutions Private Limited,17.09.2024,20.12.2024,Parts of Interactive Flat Panels,CAAR/Delhi/Plumage/100/2024,https://www.cbic.gov.in/CONTENTREPO/CAAR/caar-delhi-rul-100-26122024.pdf,YES
Delhi Rulings,15,141,M/s Plumage Solutions Pvt Ltd.,17-09-2024,18-12-2024,Parts of Interactive Flat Panels in SKD form,CAAR/Del/Plumage/99/2024,https://www.cbic.gov.in/CONTENTREPO/CAAR/caar-del-99-Plumage-23122024.pdf,YES
Delhi Rulings,15,142,M/s Plumage Solutions Pvt Ltd.,17-09-2024,17-12-2024,Parts of Interactive Flat Panels in SKD form,CAAR/Del/Plumage/98/2024,https://www.cbic.gov.in/CONTENTREPO/CAAR/caar-del-98-Plumage-23122024.pdf,YES
Delhi Rulings,15,143,M/s Danisco India Pvt. Ltd,24.09.2024,11.12.2024,"Dimodan OU-M and Grindsted PS 222MD, Grindsted PS 421",Corrigendum,https://www.cbic.gov.in/CONTENTREPO/CAAR/corr-car-del-dans-02012025.pdf,YES
Delhi Rulings,15,144,M/s Lujee International Company Ltd,24.09.2024,11.12.2024,provisionally Areca nuts (whole) and provisionally preserved Areca Nut( split),CAAR/Del/Lujee/95/2024,https://www.cbic.gov.in/CONTENTREPO/CAAR/Lujee95_13122024.pdf,YES
Delhi Rulings,15,145,M/s Amazon Wholesale India Pvt Ltd,23.08.2024,10.12.2024,Echo spot model no BV84J9,CAAR/Del/Amazon/94/2024,,NO
Delhi Rulings,15,146,M/s Winone Precision Technology India Pvt Ltd,05.09.2024,11.12.2024,Inputs/parts of use in manufacture of mobile phone covers which get subsequently scrapped,CAAR/Del/Winone Precision/97/2024,https://www.cbic.gov.in/CONTENTREPO/CAAR/Winone_13122024.pdf,YES
Delhi Rulings,15,147,Oppo Mobiles India Pvt. Ltd,12.08.2024,06.12.2024,Vibration Motors (ERM Motors & LRA Motors) used in manufacturing of Mobile Phones,CAAR/Del/Oppo/93/2024,https://www.cbic.gov.in/CONTENTREPO/CAAR/caar-oppo-mobiles-india-10122024.pdf,YES
Delhi Rulings,15,148,Star Enterprises,03.10.2024,05.12.2024,"Roasted areca nuts (whole, cut, split)",CAAR/Del/Star/92/2024,https://www.cbic.gov.in/CONTENTREPO/CAAR/star92_09122024.pdf,YES
Delhi Rulings,15,149,N.K. International,15.10.2024,05.12.2024,"Roasted areca nuts (whole, cut, split)",CAAR/Del/N.K./90/2024,https://www.cbic.gov.in/CONTENTREPO/CAAR/nk90_09122024.pdf,YES
Delhi Rulings,15,150,shri ram overseas,16.10.2024,05.12.2024,"Roasted areca nuts (whole, cut, split)",CAAR/Del/Shri Ram/91/2024,https://www.cbic.gov.in/CONTENTREPO/CAAR/shri91_09122024.pdf,YES
Delhi Rulings,16,151,Canon India Pvt. Ltd.,23.08.2024,28.11.2024,Cannon Camera K496(DS126922) and Camera Model No. Canon digital Camera K495(DS126928),,,NO
Delhi Rulings,16,152,Winone Precision Technology India Pvt Ltd,05.09.2024,28.11.2024,Inputs/parts of use in manufacture of mobile phone covers which get subsequently scrapped,CAAR/Del/Winone Precision/89/2024,https://www.cbic.gov.in/CONTENTREPO/CAAR/CAAR-Del-Winone-Precision-89-2024.pdf,YES
Delhi Rulings,16,153,Lujee International Company Ltd,30.08.2024,21.11.2024,"Roasted areca nuts (whole, cut, split)",CAAR/Delhi/Lujee/87/2024,https://www.cbic.gov.in/CONTENTREPO/CAAR/Lujee_87_24092024.pdf,YES
Delhi Rulings,16,154,N.K. International,15.10.2024,21.11.2024,"Roasted areca nuts (whole, cut, split)",CAAR/Del/N.K./86/2024,https://www.cbic.gov.in/CONTENTREPO/CAAR/nk_86_24092024.pdf,YES
Delhi Rulings,16,155,Lujee International Company Ltd,24.09.2024,21.11.2024,provisionally Areca nuts (whole) and provisionally preserved Areca Nut( split),CAAR/Delhi/Lujee/85/2024,https://www.cbic.gov.in/CONTENTREPO/CAAR/Lujee2_24092024.pdf,YES
Delhi Rulings,16,156,Lujee International Company Ltd,24.09.2024,21.11.2024,provisionally Areca nuts (whole) and provisionally preserved Areca Nut( split),CAAR/Delhi/Lujee/84/2024,https://www.cbic.gov.in/CONTENTREPO/CAAR/Lujee1_24092024.pdf,YES
Delhi Rulings,16,157,Lujee International Company Ltd,30.08.2024,21.11.2024,"Roasted areca nuts (whole, cut, split)",CAAR/Delhi/Lujee/84/2024,https://www.cbic.gov.in/CONTENTREPO/CAAR/Lujee_ruling_22112024.pdf,YES
Delhi Rulings,16,158,Sunwoda Electronic India Pvt. Ltd.,28.08.2024,20.11.2024,Lithium ion cells & Inputs/parts used in manufacturing of Battery pack of cellular mobile phones,CAAR/Delhi/Sunwoda/83/2024,https://www.cbic.gov.in/CONTENTREPO/CAAR/caar-rul-delhi-83-21112024.pdf,YES
Delhi Rulings,16,159,Sunwoda Electronic India Pvt. Ltd.,28.08.2024,20.11.2024,Lithium ion cells & Inputs/parts used in manufacturing of Battery pack of cellular mobile phones,CAAR/Delhi/Sunwoda/82/2024,https://www.cbic.gov.in/CONTENTREPO/CAAR/caar-rul-delhi-82-21112024.pdf,YES
Delhi Rulings,16,160,Sunwoda Electronic India Pvt. Ltd.,28.08.2024,20.11.2024,Lithium ion cells & Inputs/parts used in manufacturing of Battery pack of cellular mobile phones,CAAR/Delhi/Sunwoda/81/2024,https://www.cbic.gov.in/CONTENTREPO/CAAR/caar-rul-delhi-81-21112024.pdf,YES
Delhi Rulings,17,161,M/s Betel Nuts Suppliers LLP,23.09.2024,01.11.2024,Classification of goods,CAAR/Del/Betelnut/80/2024,https://www.cbic.gov.in/CONTENTREPO/CAAR/caar-rul-delhi-80-05112024.pdf,YES
Delhi Rulings,17,162,M/s Betel Nuts Suppliers LLP,23.09.2024,01.11.2024,Classification of goods,CAAR/Del/Betelnut/79/2024,https://www.cbic.gov.in/CONTENTREPO/CAAR/caar-rul-delhi-79-05112024.pdf,YES
Delhi Rulings,17,163,M/s Lujee International Company Ltd,24.09.2024,01.11.2024,Classification of goods,CAAR/Del/Lujee/78/2024,https://www.cbic.gov.in/CONTENTREPO/CAAR/caar-rul-delhi-78-05112024.pdf,YES
Delhi Rulings,17,164,M/s Maa Devsar Traders,12.08.2024,01.11.2024,Classification of goods,CAAR/Del/Devsar/77/2024,https://www.cbic.gov.in/CONTENTREPO/CAAR/caar-rul-delhi-77-05112024.pdf,YES
Delhi Rulings,17,165,M/s Maa Devsar Traders,12.08.2024,01.11.2024,Classification of goods,CAAR/Del/Devsar/76/2024,https://www.cbic.gov.in/CONTENTREPO/CAAR/caar-rul-delhi-76-05112024.pdf,YES
Delhi Rulings,17,166,M/s R V International,23.09.2024,01.11.2024,Classification of goods,CAAR/Del/RV intl/75/2024,https://www.cbic.gov.in/CONTENTREPO/CAAR/caar-rul-delhi-75-05112024.pdf,YES
Delhi Rulings,17,167,M/s Maa Devsar Traders,12.08.2024,01.11.2024,Classification of goods,CAAR/Del/Devsar/74/2024,https://www.cbic.gov.in/CONTENTREPO/CAAR/caar-rul-delhi-74-05112024.pdf,YES
Delhi Rulings,17,168,M/s Maa Devsar Traders,12.08.2024,01.11.2024,Classification of goods,CAAR/Del/Devsar/73/2024,https://www.cbic.gov.in/CONTENTREPO/CAAR/caar-rul-delhi-73-05112024.pdf,YES
Delhi Rulings,17,169,M/s Lujee International Company Ltd,30.08.2024,29.10.2024,Classification of goods,CAAR/Del/Lujee/72/2024,https://www.cbic.gov.in/CONTENTREPO/CAAR/caar-rul-delhi-72-05112024.pdf,YES
Delhi Rulings,17,170,M/s Solum India Hightech Pvt. Ltd,15.07.2024,22.10.2024,Classification of goods.,CAAR/Del/Solum/71/2024,,NO
Delhi Rulings,18,171,M/s Morya Traders.,15.07.2024,17.10.2024,Classification of goods,CAAR/Del/Morya Traders/70/2024,https://www.cbic.gov.in/CONTENTREPO/CAAR/caar-del-70-morya-18102024.pdf,YES
Delhi Rulings,18,172,M/s Cuthber Passion LLP.,29.07.2024,14.10.2024,Classification of goods,CAAR/Del/cuthbert/69/2024,https://www.cbic.gov.in/CONTENTREPO/CAAR/caar-del-69-cuth-17102024.pdf,YES
Delhi Rulings,18,173,M/s Cuthber Passion LLP.,29.07.2024,14.10.2024,Classification of goods,CAAR/Del/cuthbert/68/2024,https://www.cbic.gov.in/CONTENTREPO/CAAR/caar-del-68-cuth-17102024.pdf,YES
Delhi Rulings,18,174,M/s Cuthber Passion LLP.,29.07.2024,10.10.2024,Classification of goods,CAAR/Del/cuthbert/67/2024,https://www.cbic.gov.in/CONTENTREPO/CAAR/caar-del-67-dani-21102024.pdf,YES
Delhi Rulings,18,175,M/s Cuthber Passion LLP.,29.07.2024,14.10.2024,Classification of goods,CAAR/Del/cuthbert/66/2024,https://www.cbic.gov.in/CONTENTREPO/CAAR/caar-del-66-dani-21102024.pdf,YES
Delhi Rulings,18,176,M/s Danisco India (P) Ltd.,25.06.2024,10.10.2024,Classification of goods,CAAR/Del/Danisco/65/2024,https://www.cbic.gov.in/CONTENTREPO/CAAR/caar-del-65-dani-21102024.pdf,YES
Delhi Rulings,18,177,M/s Danisco India (P) Ltd.,25.06.2024,10.10.2024,Classification of goods,CAAR/Del/Danisco/64/2024,https://www.cbic.gov.in/CONTENTREPO/CAAR/caar-del-64-danI-17102024.pdf,YES
Delhi Rulings,18,178,M/s Arista Networks.,20.06.2024,08.10.2024,Determination of valuation of goods,CAAR/Del/Arista/63/2024,https://www.cbic.gov.in/CONTENTREPO/CAAR/caar-del-63-Arista-17102024.pdf,YES
Delhi Rulings,18,179,M/s RV international,31.07.2024,03.10.2024,Classification of goods.,CAAR/Del/RV intl/62/2024,https://www.cbic.gov.in/CONTENTREPO/CAAR/caar-del-63-09102024.pdf,YES
Delhi Rulings,18,180,M/s Wood Tech Indutries,09.08.2024,30.09.2024,Classification of goods,CAAR/Del/Wood Tech/61/2024,https://www.cbic.gov.in/CONTENTREPO/CAAR/caar-rul-delhi-61-07102024.pdf,YES
Delhi Rulings,19,181,M/s Saga International,01.07.2024,30.09.2024,Classification of goods,CAAR/Del/Saga/60/2024,https://www.cbic.gov.in/CONTENTREPO/CAAR/caar-rul-delhi-60-07102024.pdf,YES
Delhi Rulings,19,182,M/s Arista Networks limited,20.06.2024,26.09.2024,Determination of valuation of goods,CAAR/Del/Arista/59/2024,https://www.cbic.gov.in/CONTENTREPO/CAAR/caar-rul-delhi-59-07102024.pdf,YES
Delhi Rulings,19,183,M/s Arista Networks limited,20.06.2024,26.09.2024,Determination of valuation of goods,CAAR/Del/Arista/58/2024,https://www.cbic.gov.in/CONTENTREPO/CAAR/caar-rul-delhi-58-07102024.pdf,YES
Delhi Rulings,19,184,M/s Nokia Solutions,05.07.2024,26.09.2024,Classification of goods,CAAR/Del/Nokia/57/2024,https://www.cbic.gov.in/CONTENTREPO/CAAR/caar-rul-delhi-57-07102024.pdf,YES
Delhi Rulings,19,185,M/s Nokia Solutions,05.07.2024,26.09.2024,Classification of goods,CAAR/Del/Nokia/56/2024,https://www.cbic.gov.in/CONTENTREPO/CAAR/caar-rul-delhi-56-07102024.pdf,YES
Delhi Rulings,19,186,M/s Rawder Petroleum Pvt. Ltd.,18.06.2024,19.09.2024,"Roasted Areca Nut (whole, cut, split)",CAAR/Del/Rawder/55/2024,https://www.cbic.gov.in/CONTENTREPO/CAAR/Rawder_ruling_24092024.pdf,YES
Delhi Rulings,19,187,M/s Forever New Apparels Pvt. Ltd. (31/2024).,26.06.2024,19.09.2024,Principle of valuation.,CAAR/Del/Forever/54/2024,https://www.cbic.gov.in/CONTENTREPO/CAAR/caar-del-54-25092024.pdf,YES
Delhi Rulings,19,188,M/s Di Pec Exim LLP (75/2024).,31.07.2024,19.09.2024,"Roasted Areca Nut (whole, cut, split).",CAAR/Del/DI PEC/53/2024,https://www.cbic.gov.in/CONTENTREPO/CAAR/caar-del-53-25092024.pdf,YES
Delhi Rulings,19,189,M/s Cuthbert Passion LLP (71/2024),29.07.2024,19.09.2024,"Roasted Areca Nut (whole, cut, split)",CAAR/Del/Cuthbert/52/2024,https://www.cbic.gov.in/CONTENTREPO/CAAR/cuthbert_ruling_24092024.pdf,YES
Delhi Rulings,19,190,M/s RV International (77/2024).,31.07.2024,11.09.2024,"Roasted Areca Nut (whole, cut, split)",CAAR/Del/RV Intl./51/2024,https://www.cbic.gov.in/CONTENTREPO/CAAR/caar-del-51-RV-17092024.pdf,YES
Delhi Rulings,20,191,M/s Saga International (61/2024),01.07.2024,09.09.2024,"Roasted Areca Nut, Roasted Areca Nut (cut)",CAAR/Del/Saga/50/2024,https://www.cbic.gov.in/CONTENTREPO/CAAR/caar-delhi-50-13092024.pdf,YES
Delhi Rulings,20,192,M/s Saga International (59/2024),01.07.2024,09.09.2024,"Roasted Areca Nut, Roasted Areca Nut (cut)",CAAR/Del/Saga/49/2024,https://www.cbic.gov.in/CONTENTREPO/CAAR/caar-delhi-49-13092024.pdf,YES
Delhi Rulings,20,193,M/s RV International.,31.07.2024,30.08.2024,Classification of Areca Nut (whole/split/cut).,CAAR/Del/RV Intll/48/2024,https://www.cbic.gov.in/CONTENTREPO/CAAR/caar-del-48-03092024.pdf,YES
Delhi Rulings,20,194,M/s Cutberth Passion LLP.,29.07.2024,30.08.2024,Classification of Areca Nut (whole/split/cut).,CAAR/Del/Cutberth/47/2024,https://www.cbic.gov.in/CONTENTREPO/CAAR/caar-del-47-03092024.pdf,YES
Delhi Rulings,20,195,M/s Forever New Apparels Pvt. Ltd. (30/2024),26.04.2024,27.08.2024,Principle of valuation,CAAR/Del/Forever/46/2024,https://www.cbic.gov.in/CONTENTREPO/CAAR/caar-delhi-46-updated-17092024.pdf,YES
Delhi Rulings,20,196,M/s Forever New Apparels Pvt. Ltd. (32/2024),26.04.2024,27.08.2024,Principle of valuation,CAAR/Del/Forever/45/2024,https://www.cbic.gov.in/CONTENTREPO/CAAR/caar-delhi-45-updated-17092024.pdf,YES
Delhi Rulings,20,197,M/s Lujee International Company Ltd. (44/2024).,18.06.2024,21.08.2024,Classification on import of “Roasted Areca Nut (Whole/cut/split)”.,CAAR/Del/Lujee/44/2024,https://www.cbic.gov.in/CONTENTREPO/CAAR/caar-del-44-11092024.pdf,YES
Delhi Rulings,20,198,M/s Lujee International Company Ltd. (43/2024).,18.06.2024,21.08.2024,Classification on import of “Roasted Areca Nut (Whole/cut/split)”.,CAAR/Del/Lujee/43/2024,https://www.cbic.gov.in/CONTENTREPO/CAAR/caar-del-43-11092024.pdf,YES
Delhi Rulings,20,199,M/s Lujee International Company Ltd. (42/2024).,18.06.2024,21.08.2024,Classification on import of “Roasted Areca Nut (Whole/cut/split)”.,CAAR/Del/Lujee/42/2024,https://www.cbic.gov.in/CONTENTREPO/CAAR/caar-del-42-11092024.pdf,YES
Delhi Rulings,20,200,M/s Lujee International Company Ltd.(50/2024),18.06.2024,19.08.2024,Classification on import of “Roasted Areca Nut (Whole/cut/split)”.,CAAR/Del/Lujee/41/2024,https://www.cbic.gov.in/CONTENTREPO/CAAR/lujee-41-20082024.pdf,YES
Delhi Rulings,21,201,M/s BMW India Pvt. Ltd,27.05.2024,16.08.2024,Import of components/parts/ sub-assemblies,CAAR/Del/BMW/40/2024,https://www.cbic.gov.in/CONTENTREPO/CAAR/bmw-del-40-20082024.pdf,YES
Delhi Rulings,21,202,M/s Lujee International Company Ltd.(56/2024).,25.06.2024,06.08.2024,Classification on import of “Roasted Areca Nut (Whole/cut/split)”.,CAAR/Del/Lujee/39/2024,https://www.cbic.gov.in/CONTENTREPO/CAAR/caar-del-39-lujee-08082024.pdf,YES
Delhi Rulings,21,203,M/s Amazon Wholesale India Pvt. Ltd. (35/2024).,06.05.2024,02.08.2024,Classification on import of “Worksapces Thin Client”.,CAAR/Del/Amazon/38/2024,,NO
Delhi Rulings,21,204,M/s DI PEC Exim LLP (37/2024).,04.06.2024,31.07.2024,Classification on import of “Roasted Areca Nut (Whole/cut/split)”.,CAAR/Del/DI PEC/37/2024,https://www.cbic.gov.in/CONTENTREPO/CAAR/car-del-37-01082024.pdf,YES
Delhi Rulings,21,205,M/s DI PEC Exim LLP (36/2024).,04.06.2024,26.07.2024,Classification on import of “Roasted Areca Nut (Whole/cut/split)”.,CAAR/Del/DI PEC/36/2024,https://www.cbic.gov.in/CONTENTREPO/CAAR/car-del-36-01082024.pdf,YES
Delhi Rulings,21,206,M/s DI PEC Exim LLP (35/2024).,04.06.2024,26.07.2024,Classification on import of “Roasted Areca Nut (Whole/cut/split)”.,CAAR/Del/DI PEC/35/2024,https://www.cbic.gov.in/CONTENTREPO/CAAR/car-del-35-01082024.pdf,YES
Delhi Rulings,21,207,M/s DI PEC Exim LLP (34/2024).,04.06.2024,25.07.2024,Classification on import of “Roasted Areca Nut (Whole/cut/split)”.,CAAR/Del/DI PEC/34/2024,https://www.cbic.gov.in/CONTENTREPO/CAAR/car-del-34-01082024.pdf,YES
Delhi Rulings,21,208,M/s Inditex Trent Retail India Pvt. Ltd.,01.05.2024,19.07.2024,Origin Criteria as per Notification 189/2019 dated 31.12.2009 on import of “Footwear of ZARA brand t,CAAR/Del/Inditex/33/2024,,NO
Delhi Rulings,21,209,M/s DI PEC Exim LLP (45/2024).,04.06.2024,16.07.2024,Classification on import of “Roasted Areca Nut (Whole/cut/split)”.,CAAR/Del/DI PEC/32/2024,https://www.cbic.gov.in/CONTENTREPO/CAAR/classification-caar-delhi-19072024.pdf,YES
Delhi Rulings,21,210,M/s DI PEC Exim LLP (44/2024),04.06.2024,10.07.2024,Classification on import of “Roasted Areca Nut (Whole/cut/split)”.,CAAR/Del/DI PEC/31/2024,https://www.cbic.gov.in/CONTENTREPO/CAAR/di_pec_31.pdf,YES
Delhi Rulings,22,211,M/s Exim Incorporation,19.06.2024,05.07.2024,Classification on import of “Roasted Areca Nut Whole/cut/split”.,CAAR/Del/Exim/30/2024,https://www.cbic.gov.in/CONTENTREPO/CAAR/Exim.pdf,YES
Delhi Rulings,22,212,M/s Prenda Creations India Pvt. Ltd.,16.04.2024,26.06.2024,Classification and Exemption notification applicability on import of “Areca Nut Whole/cut”.,CAAR/Del/Prenda/29/2024,https://www.cbic.gov.in/CONTENTREPO/CAAR/Prenda-creations_updated_03072024.pdf,YES
Delhi Rulings,22,213,M/s ShreeHari Ananta Overseas Pvt. Ltd.,13.05.2024,28.06.2024,Classification on import of “Areca Nut Whole/cut”.,CAAR/Del/Shreehari/28/2024,https://www.cbic.gov.in/CONTENTREPO/CAAR/ShreeHari_Ananta_Overseas_updated_03072024.pdf,YES
Delhi Rulings,22,214,M/s Winone Precision Technology India Pvt. Ltd.,01.04.2024,24.06.2024,Classification and notification applicability on import of “mobile phone cover in finished form & r,CAAR/Del/Winone/27/2024,,NO
Delhi Rulings,22,215,M/s Winone Precision Technology India Pvt. Ltd.,01.04.2024,24.06.2024,Classification and notification applicability on import of “mobile phone cover in finished form & r,CAAR/Del/Winone/26/2024,,NO
Delhi Rulings,22,216,M/s Denso Haryana Pvt. Ltd.,26.03.2024,06.06.2024,Classification and notification applicability on import of Telematics Control Unit.,CAAR/Del/Denso/25/2024,https://www.cbic.gov.in/CONTENTREPO/CAAR/caar-del-25-Denso-10062024.pdf,YES
Delhi Rulings,22,217,M/s Denso Haryana Pvt. Ltd.,26.03.2024,06.06.2024,Classification and notification applicability on import of Inverter Assembly.,CAAR/Del/Denso/24/2024,https://www.cbic.gov.in/CONTENTREPO/CAAR/caar-del-24-Denso-10062024.pdf,YES
Delhi Rulings,22,218,M/s Denso Haryana Pvt. Ltd.,26.03.2024,06.06.2024,Classification and notification applicability on import of Inverter Assembly.,CAAR/Del/Denso/23/2024,https://www.cbic.gov.in/CONTENTREPO/CAAR/caar-del-23-Denso-10062024.pdf,YES
Delhi Rulings,22,219,M/Samsung Display Noida Pvt Ltd. (16/2024),11/03/2024,04/06/2024,Notification applicability on inputs & parts for use in manufacturing of display assemblies,CAAR/Del/Samsung Display/22/2024,https://www.cbic.gov.in/CONTENTREPO/CAAR/caar-del-samsung-delhi-22-06062024.pdf,YES
Delhi Rulings,22,220,M/s Denso Haryana Private Limited (23/2024).,26.03.2024,30.05.2024,Classification and notification applicability on Inverter Assembly,CAAR/Del/Denso/20/2024,https://www.cbic.gov.in/CONTENTREPO/CAAR/caar-del-denso-18-05062024.pdf,YES
Delhi Rulings,23,221,M/s Denso Haryana Private Limited (19/2024),26.03.2024,30.05.2024,Classification and notification applicability Telematics Control Unit,Corrigendum,https://www.cbic.gov.in/CONTENTREPO/CAAR/denso-ruling-18062024-delhi.pdf,YES
Delhi Rulings,23,222,M/s Vaibhav Enterprises.,18.03.2024,27.05.2024,"Classification of the subject goods [Roasted Areca Nut (Whole), Roasted Areca Nut (Split) & Roasted",CAAR/Del/Vaibhav/19/2024,https://www.cbic.gov.in/CONTENTREPO/CAAR/caar-del-19-vaibhav-28052024.pdf,YES
Delhi Rulings,23,223,M/s Exim Incorporation.,30.04.2024,27.05.2024,"Classification of the subject goods [Roasted Areca Nut (Whole), Roasted Areca Nut(Split) & Roasted A",CAAR/Del/Exim/18/2024,https://www.cbic.gov.in/CONTENTREPO/CAAR/caar-del-18-exim-28052024.pdf,YES
Delhi Rulings,23,224,M/s Elentec India Pvt Ltd.,05.03.2024,21.05.2024,Classification and Notification of the subject goods [Parts to manufacture ASSY-Case front],CAAR/Del/Elentec/17/2024,https://www.cbic.gov.in/CONTENTREPO/CAAR/Elentec-India-Pvt-Ltd-22may2024.pdf,YES
Delhi Rulings,23,225,M/s Haritaki FZC,23.02.2024,16.05.2024,Classification of the subject goods [Mixed Condiments and Mixed Seasonings],CAAR/Del/Haritaki/16/2024,https://www.cbic.gov.in/CONTENTREPO/CAAR/car-del-16-hari-21082024.pdf,YES
Delhi Rulings,23,226,M/s RV International.,06.03.2024,09.05.2024,"Classification of the subject goods [Roasted Arena Nut (Whole), Roasted Areca Nut (Split) and Roaste",CAAR/Del/RV Intl/15/2024,https://www.cbic.gov.in/CONTENTREPO/CAAR/caar-del-15-rv-intl-14052024.pdf,YES
Delhi Rulings,23,227,M/s Vapa Overseas Pvt Ltd.,06.03.2024,09.05.2024,"Classification of the subject goods [Roasted Arena Nut (Whole), Roasted Areca Nut (Split) and Roaste",CAAR/Del/Vapa/14/2024,https://www.cbic.gov.in/CONTENTREPO/CAAR/caar-del-14-vapa-14052024.pdf,YES
Delhi Rulings,23,228,M/s Vaibhav Enterprises.,18.03.2024,06.05.2024,Classification of the subject goods,CAAR/Del/Vaibhav/13/2024,https://www.cbic.gov.in/CONTENTREPO/CAAR/Vaibhav-Ent-Ruling.pdf,YES
Delhi Rulings,23,229,M/s Vivo Mobile India Pvt Ltd.,26.12.2024,26.04.2024,Classification of the subject goods,CAAR/Del/Vivo/12/2024,https://www.cbic.gov.in/CONTENTREPO/CAAR/Ms-Vivo-Mobile-India-Pvt-Ltd-updated-03052024.pdf,YES
Delhi Rulings,23,230,M/s remarkable AS (06/2024),30.01.2024,25.04.2024,Classification of remarkable Marker Plus RM212,CAAR/Del/remarkable/11/2024,,NO
Delhi Rulings,24,231,M/s remarkable AS (05/2024),30.01.2024,25.04.2024,Classification of remarkable Paper Tablet RM114,CAAR/Del/remarkable/10/2024,,NO
Delhi Rulings,24,232,M/s remarkable AS (04/2024),30.01.2024,25.04.2024,Classification of remarkable Book Folio RM314,CAAR/Del/remarkable/09/2024,,NO
Delhi Rulings,24,233,M/s remarkable AS (03/2024),30.01.2024,25.04.2024,Classification of remarkable Paper Tablet RM113,CAAR/Del/remarkable/08/2024,,NO
Delhi Rulings,24,234,M/s Shriprop Aerospace Pvt Ltd,18.01.2024,26.03.2024,Sl. No. 545 of notification no. 50/2017 Custom dated 30.06.2017,CAAR/Del/Shriprop Aerospace/07/2024,https://www.cbic.gov.in/CONTENTREPO/CAAR/shriprop-ruling-28mar2024.pdf,YES
Delhi Rulings,24,235,M/s A-One Traders,07.12.2023,04.03.2024,"Classification of “Roasted Areca Nuts (Whole), Roasted Areca Nuts (Split) & Roasted Areca Nuts (Cut)",CAAR/Del/A-One/06/2024,https://www.cbic.gov.in/CONTENTREPO/CAAR/caar-del-one-trade-07mar2024.pdf,YES
Delhi Rulings,24,236,M/s Perfect Trading Co.,04.01.2024,28.02.2024,"Classification of “Roasted Areca Nuts (Whole), Roasted Areca Nuts (Split) & Roasted Areca Nuts (Cut)",CAAR/Del/Perfect Trading/05/2024,https://www.cbic.gov.in/CONTENTREPO/CAAR/perfect-Trading-Rulings.pdf,YES
Delhi Rulings,24,237,M/s Narang Machinery Store.,30.11.2023,27.02.2024,Classification of Whey protein,CAAR/Del/Narang/04/2024,https://www.cbic.gov.in/CONTENTREPO/CAAR/caar-del-narang-28feb2024.pdf,YES
Delhi Rulings,24,238,M/s Vivo Mobile India Pvt. Ltd.,03.11.2023,01.02.2024,Classification of Main MIC Dust Protective Net,CAAR/Del/Vivo Mobile India/03/2024,https://www.cbic.gov.in/CONTENTREPO/CAAR/vivo-caar-mumbai-ruling-01022024.pdf,YES
Delhi Rulings,24,239,M/s Perfect Trading Co. (61/2023),28.11.2023,05.01.2024,Classification of the Roasted Areca Nut/Betel Nut,CAAR/Del/Perfect/01/2024,https://www.cbic.gov.in/CONTENTREPO/CAAR/caar-del-01-09012024.pdf,YES
Delhi Rulings,24,240,M/s Perfect Trading Co. (62/2023),28.11.2023,05.01.2024,Classification of the Roasted Areca Nut/Betel Nut,CAAR/Del/Perfect/02/2024,https://www.cbic.gov.in/CONTENTREPO/CAAR/caar-del-02-09012024.pdf,YES
Delhi Rulings,25,241,M/s Boston Scientific India Pvt. Ltd.,26.09.2023,22.12.2023,Healthcare/Medical Equipment,CAAR/Del/Boston/36/2023,https://www.cbic.gov.in/CONTENTREPO/CAAR/car-delhi-boston-36.pdf,YES
Delhi Rulings,25,242,M/s Solae Company India Pvt. Ltd.,02.08.2023,13.12.2023,Supro Nuggets 570 G IP classification,CAAR/Del/Solae/35/2023,https://www.cbic.gov.in/CONTENTREPO/CAAR/caar-del-solae-35-15dec2023.pdf,YES
Delhi Rulings,25,243,M/s Vivo Mobile India Pvt Ltd (50/2023),22.09.2023,13.12.2023,Classification of MEMS Microphone,CAAR/Del/Vivo/34//2023,https://www.cbic.gov.in/CONTENTREPO/CAAR/caar-del-vivo-34-13dec2023.pdf,YES
Delhi Rulings,25,244,M/s Amazon Wholesale India Pvt. Ltd,15.09.2023,08.12.2023,Classification of Media Streaming Device,CAAR/Del/Amazon/33/2023,https://www.cbic.gov.in/CONTENTREPO/CAAR/caar-del-vivo-33-23aug2024.pdf,YES
Delhi Rulings,25,245,M/s Blue star Limited,13.07.2023,05.12.2023,ODU Controller PCB classification,CAAR/Del/Bluestar/32/2023,https://www.cbic.gov.in/CONTENTREPO/CAAR/caar-del-bluestar-32-06122023.pdf,YES
Delhi Rulings,25,246,M/s Supertron Electronics Pvt Ltd,03.10.2023,04.12.2023,Classification of Interactive Flat Panels,CAAR/Del/Supertron/31/2023,https://www.cbic.gov.in/CONTENTREPO/CAAR/caar-del-superton-31-04122023.pdf,YES
Delhi Rulings,25,247,M/s Yubico AB,14.03.2023,30.11.2023,"“YubiKey”, the product classification",CAAR/Del/Yubico/30/2023,https://www.cbic.gov.in/CONTENTREPO/CAAR/yubico-ruling-01122023.pdf,YES
Delhi Rulings,25,248,M/s United Spirits Ltd,02.05.2023,24.11.2023,"Ruling inter-alia on inclusion of charges as specified in Rule 10(2) of CVR, 2007 in the assessable",CAAR/Del/United Spirits/29/2023,https://www.cbic.gov.in/CONTENTREPO/CAAR/united-spirit-ruling-28112023.pdf,YES
Delhi Rulings,25,249,M/s Shree Durga Traders (43),09.08.2023,17.11.2023,Classification of the Roasted Areca Nut/Betel Nut,CAAR/Del/Shree Durga/28/2023,https://www.cbic.gov.in/CONTENTREPO/CAAR/Shree-durga-43-del-28-ruling-21nov2023.pdf,YES
Delhi Rulings,25,250,M/s Shree Durga Traders (42),09.08.2023,17.11.2023,Classification of the Roasted Areca Nut/Betel Nut,CAAR/Del/Shree Durga/27/2023,https://www.cbic.gov.in/CONTENTREPO/CAAR/Shree-durga-42-del-27-ruling-21nov2023.pdf,YES
Delhi Rulings,26,251,M/s Shree Durga Traders (41),09.08.2023,17.11.2023,Classification of the Roasted Areca Nut/Betel Nut,CAAR/Del/Shree Durga/26/2023,https://www.cbic.gov.in/CONTENTREPO/CAAR/Shree-durga-41-del-26-ruling-21nov2023.pdf,YES
Delhi Rulings,26,252,M/s Jai Shree Krishna Impex,02.08.2023,17.11.2023,Classification of the Rubber Balloon,CAAR/Del/Jai Shree/25/2023,https://www.cbic.gov.in/CONTENTREPO/CAAR/caar-del-rul-25-17112023.pdf,YES
Delhi Rulings,26,253,M/s Three Bond India Pvt Ltd.,08.05.2023,09.11.2023,Classification of the sealant/adhesives,CAAR/Del/Three Bond/24/2023,https://www.cbic.gov.in/CONTENTREPO/CAAR/car-delhi-threebond-24.pdf,YES
Delhi Rulings,26,254,M/s Qualcomm India Pvt Ltd.,24.01.2023,01.11.2023,Classification of the subject goods,CAAR/Del/Qualcomm/23/2023,https://www.cbic.gov.in/CONTENTREPO/CAAR/car-delhi-qualcom-23-24042024.pdf,YES
Delhi Rulings,26,255,M/s Amazon Wholesale India Pvt. Ltd.,02.03.2023,27.09.2023,Classification of Digital Media Receiver (Model no C2H4R9)Notification no 57/2017 dated 30.06.2017,CAAR/Del/Amazon/22/2023,https://www.cbic.gov.in/CONTENTREPO/CAAR/ruling-Amazon-02102023.pdf,YES
Delhi Rulings,26,256,M/s Nikon India Pvt Ltd,07.05.2023,19.09.2023,Classification of Nikon Camera Model no N2120 Notification no 50/2017 dated 30.06.2017.,CAAR/Del/Nikon/21/2023,https://www.cbic.gov.in/CONTENTREPO/CAAR/ruling-nikon-20092023.pdf,YES
Delhi Rulings,26,257,M/s Fresenius Kabi Oncology Limited,10.04.2023,31.08.2023,Notification applicability on import of Sponge Platinum for manufacture of Active Pharmaceutical Ing,CAAR/Del/Fresenius/20/2023,https://www.cbic.gov.in/CONTENTREPO/CAAR/caar-fresenius-20-delhi-rul-30052024.pdf,YES
Delhi Rulings,26,258,M/s Supertron Electronics Pvt Ltd,14.04.2023,21.08.2023,Classification on import of Optoma Creative Touch 5-Series (IFP).,CAAR/Del/Supertron/19/2023,https://www.cbic.gov.in/CONTENTREPO/CAAR/ruling-supertron-24082023.pdf,YES
Delhi Rulings,26,259,M/s Shree Hari Ananta Overseas Pvt Ltd,18.05.2023,04.08.2023,Classification on import of Betel Nuts.,CAAR/Del/Shree Hari/18/2023,https://www.cbic.gov.in/CONTENTREPO/CAAR/ruling-shree-hari-24082023.pdf,YES
Delhi Rulings,26,260,M/s Samsung India Electronics Pvt Ltd,16.03.2023,31.07.2023,Classification and notification applicability on import of Samsung Smart Monitors.,CAAR/Del/Samsung/17/2023,https://www.cbic.gov.in/CONTENTREPO/CAAR/ruling-samsung-24082023.pdf,YES
Delhi Rulings,27,261,M/s Samsung India Electronics Pvt Ltd,10.04.2023,26.07.2023,Classification of self-ordering kiosks.,CAAR/Del/Samsung/16/2023,https://www.cbic.gov.in/CONTENTREPO/CAAR/Samsung-162023.pdf,YES
Delhi Rulings,27,262,M/s Amazon Wholesale India Private Limited,23.12.2022,12.07.2023,Classification of Eco Dot devices.,CAAR/Del/Amazon/15/2023,https://www.cbic.gov.in/CONTENTREPO/CAAR/Amazon-152023.pdf,YES
Delhi Rulings,27,263,M/s Halliburton Offshore Services Inc.,27.12.2022,28.06.2023,Reimport of goods from SEZ/FTWZ to DTA..,CAAR/Del/ Halliburton/14/2023,https://www.cbic.gov.in/CONTENTREPO/CAAR/halliburton-services-05072023.pdf,YES
Delhi Rulings,27,264,M/s Baker Hughes Singapore Pte.,06.01.2023,28.06.2023,Reimport of goods from SEZ/FTWZ to DTA..,CAAR/Del/ Baker Hughes Spore/13/2023,https://www.cbic.gov.in/CONTENTREPO/CAAR/baker-hughes-singapore-05072023.pdf,YES
Delhi Rulings,27,265,M/s BJ Services Company Middle East Ltd.,21.12.2023,28.06.2023,Reimport of goods from SEZ/FTWZ to DTA.,CAAR/Del/ BJ Services/12/2023,https://www.cbic.gov.in/CONTENTREPO/CAAR/bj-services-05072023.pdf,YES
Delhi Rulings,27,266,M/s Socomec India Private Limited.,19.12.2022,06.06.2023,Classification of UPS and claim of exemption under Notfn No. 25/2005,CAAR/Del/ Socomec/11/2023,https://www.cbic.gov.in/CONTENTREPO/CAAR/ruling-socomec-27062023.pdf,YES
Delhi Rulings,27,267,M/s Baker Hughes Oilfield Services Private Limited.,25.01.2023,28.04.2023,Re-import of the goods/ equipments from SEZ/ FTWZ to DTA,CAAR/Del/Baker Hughes/09/2023,https://www.cbic.gov.in/CONTENTREPO/CAAR/bakers-30052023.pdf,YES
Delhi Rulings,27,268,M/s Superton Electronics Private Limited.,20.12.2022,09.05.2023,Classification of Optoma Creative Touch-3 Series Interactive Flat Panel (IFP).,CAAR/Del/Supertron/10/2023,https://www.cbic.gov.in/CONTENTREPO/CAAR/Supertron-10-30052023.pdf,YES
Delhi Rulings,27,269,M/s Amazon wholesale India Private Limited,19.09.2022,19.04.2023,Classification of Media Streaming Device[Fire TV Cube- 3rd Generation and Fire TV Alexa Voice Remote,CAAR/Del/Amazon/08/2023,https://www.cbic.gov.in/CONTENTREPO/CAAR/caar-amazon-08-delhi-rul-30052024.pdf,YES
Delhi Rulings,27,270,M/s Amazon wholesale India Private Limited,03.10.2022,27.03.2023,Classification of Electronics Display Device (E-Reader) (Kindle 11th Gen).,CAAR/Del/Amazon/07/2023,https://www.cbic.gov.in/CONTENTREPO/CAAR/caar-amazon-07-delhi-rul-30052024.pdf,YES
Delhi Rulings,28,271,M/s Supertron Electronics Private Limited,11.11.2022,09.03.2023,Classification of Data Projectors.,CAAR/Del/Supertron/06/2023,https://www.cbic.gov.in/CONTENTREPO/CAAR/supertron-electronics-09march2023.pdf,YES
Delhi Rulings,28,272,M/s Wholesome Essentials,15.11.2022,23.02.2023,Classification of Dried Black Currant 08062010.,CAAR/Del/Wholesome/05/2023,https://www.cbic.gov.in/CONTENTREPO/CAAR/Dried-Black-Currant-27022023.pdf,YES
Delhi Rulings,28,273,M/s Hitachi Astemo FIE Private Limited,30.08.2022,02.02.2023,Classification of stepper motor under Sub-heading 85011012.,CAAR/Del/Hitachi/04/2023,https://www.cbic.gov.in/CONTENTREPO/CAAR/hitachi-02022023.pdf,YES
Delhi Rulings,28,274,M/s Canon India Private Limited,01.09.2022,24.01.2023,Classification and notification applicability on import of Canon Camera.,CAAR/Del/ Canon/03/2023,https://www.cbic.gov.in/CONTENTREPO/CAAR/caar-canon-03-delhi-rul-30052024.pdf,YES
Delhi Rulings,28,275,M/s Canon India Private Limited,01.09.2022,13.01.2023,Classification and notification applicability on import of Canon Camera.,CAAR/Del/ Canon/02/2023,https://www.cbic.gov.in/CONTENTREPO/CAAR/caar-canon-02-delhi-rul-30052024.pdf,YES
Delhi Rulings,28,276,M/s Supertron Electronics Private Limited,10.08.2022,05.01.2023,Classification on import of Data Projector.,CAAR/Del/ Supertron/01/2023,https://www.cbic.gov.in/CONTENTREPO/CAAR/supertron-electronics-05012023.pdf,YES
Delhi Rulings,28,277,M/s Holitech India Pvt. Ltd,04.04.2022,29.12.2022,Classification of display assembly/module,CAAR/Del/Holitech/17/2022,https://www.cbic.gov.in/CONTENTREPO/CAAR/holitech-del-ruling-17-30dec2022.pdf,YES
Delhi Rulings,28,278,M/s Supertron Electronics Private Limited,03.02.2022,23.12.2022,Classification on import of Data Projectors,CAAR/Del/Supertron/16/2022,https://www.cbic.gov.in/CONTENTREPO/CAAR/supretron-ruling-16-30dec2022.pdf,YES
Delhi Rulings,28,279,M/s Green Infra Clean Wind Power Limited.,26.09.2022,24.11.2022,Clarification on import of goods in setting up of Solar Power Plant under PIR 1986,CAAR/Delhi/ Green Infra/15/2022,https://www.cbic.gov.in/CONTENTREPO/CAAR/green-infra-ruling-25nov2022.pdf,YES
Delhi Rulings,28,280,M/s SMI- Amtek Cranshaft Pvt. Ltd.,29.08.2022,21.11.2022,Classification of Mould Base,CAAR/Delhi/ SMI-Amtek/14/2022,https://www.cbic.gov.in/CONTENTREPO/CAAR/smi-amtek-ruling-22112022.pdf,YES
Delhi Rulings,29,281,M/s HP India Sales Pvt. Ltd,23.05.2022,18.11.2022,Classification of Laser Jet Printer,CAAR/Delhi/ HP India/13/2022,https://www.cbic.gov.in/CONTENTREPO/CAAR/hp-india-ruling-21112022.pdf,YES
Delhi Rulings,29,282,"M/s Canon India Pvt Ltd 7th Floor Tower B Building No. 5 DFL Epitome DLF Phase III Gurugram Haryana
Read More..",29.04.2022,19.09.2022,Classification of Camera,,https://www.cbic.gov.in/CONTENTREPO/CAAR/caar-del-canon-12-08may2024.pdf,YES
Delhi Rulings,29,283,M/s Amazon Wholesale (India) Private Limited,17.08.2021,12.09.2022,Classification of Echo Buds.,CAAR/Del/Amazon/11/2022,https://www.cbic.gov.in/CONTENTREPO/CAAR/caar-amazon-11-delhi-rul-30052024.pdf,YES
Delhi Rulings,29,284,M/s Mitsubishi Electric India Pvt Ltd,20.01.2022,30.08.2022,Classification of Air Conditioners in CKD/SKD condition.,CAAR/Del/Mitsubishi/10/2022,https://www.cbic.gov.in/CONTENTREPO/CAAR/mitubishi-31082022.pdf,YES
Delhi Rulings,29,285,M/s HQ Lamps Manufacturing Co. Pvt Ltd,21.03.2022,08.08.2022,Classification of LED emergency light and applicability of Notification.,CAAR/Del/HQ Lamps/09/2022,https://www.cbic.gov.in/CONTENTREPO/CAAR/hq-lamps-08082022.pdf,YES
Delhi Rulings,29,286,M/s Volvo Auto India Pvt Ltd,26.04.2022,04.08.2022,Classification of Imported Electric Vehicle Kits.,CAAR/Del/Volvo Auto/08/2022,https://www.cbic.gov.in/CONTENTREPO/CAAR/volvo-26072023.pdf,YES
Delhi Rulings,29,287,M/s Shreedhra Agro LLP,04.02.2022,22.06.2022,Classification of Betel Nut,CAAR/Del/Shreedhra/07/2022,https://www.cbic.gov.in/CONTENTREPO/CAAR/Shreedhra-Agro-LLP-23062022.pdf,YES
Delhi Rulings,29,288,M/s Nuttish Exim India Pvt Ltd,15.04.2021,02.05.2022,Rulings is being kept confidential in accordance with the ruling issued by the authority,CAAR/Del/Nuttish/06/2022,https://www.cbic.gov.in/CONTENTREPO/CAAR/Nuttish-15052023.pdf,YES
Delhi Rulings,29,289,M/s Sharp Business System (India) Pvt Ltd,08.10.2021,19.04.2022,Classification of LCD monitors and applicability of Notification.,CAAR/Del/Sharp/05/2022,https://www.cbic.gov.in/CONTENTREPO/CAAR/sharp-business-system.pdf,YES
Delhi Rulings,29,290,M/s Harmony Plastics Pvt Ltd,09.04.2021,31.01.2022,Classification of HDPE woven fabric un-laminated/laminated,CAAR/Del/Harmony/04/2022,https://www.cbic.gov.in/CONTENTREPO/CAAR/Harmony Plastics Pvt Ltd rulings no 4.pdf,YES
Delhi Rulings,30,291,M/s Amazon Wholesale India Pvt Ltd,10.09.2021,27.01.2022,Classification of Fire TV Stick 4K Max,CAAR/Del/Amazon/03/2022,https://www.cbic.gov.in/CONTENTREPO/CAAR/Ruling No. Amazon 47.pdf,YES
Delhi Rulings,30,292,M/s Evans Consoles Corporation,21.07.2021,13.01.2022,Classification of consoles,CAAR/Del/Evans/02/2022,https://www.cbic.gov.in/CONTENTREPO/CAAR/Ruling Evans Consoles.pdf,YES
Delhi Rulings,30,293,M/s G.G. Enterprises,03.07.2021,10.01.2022,Classification of parts of electronic toy cars,CAAR/Del/G.G. Enterprises/01/2022,https://www.cbic.gov.in/CONTENTREPO/CAAR/GG Enterprises-2022.pdf,YES
Delhi Rulings,30,294,M/s UBS Exports International Pvt Ltd,09.09.2021,20.12.2021,Classification of Betel Nut,CAAR/Del/UBS Exports/23/2021,https://www.cbic.gov.in/CONTENTREPO/CAAR/UBS Exports Ruling.pdf,YES
Delhi Rulings,30,295,M/s P.G. International,29.07.2021,26.11.2021,Classification of Betel Nut,CAAR/Del/PG International/22/2021,https://www.cbic.gov.in/CONTENTREPO/CAAR/Rulling_No_22.PG_International.pdf,YES
Delhi Rulings,30,296,M/s Vaibhav Enterprises,29.07.2021,21.10.2021,Classification of Betel Nut,CAAR/Del/Vaibhav/21/2021,https://www.cbic.gov.in/CONTENTREPO/CAAR/VaibhavRulings.pdf,YES
Delhi Rulings,30,297,M/s Spraytec India Ltd,09-07-2020,05.10.2021,Classification of Aaerosol Valve,CAAR/Del/Spraytec/20/2021,https://www.cbic.gov.in/CONTENTREPO/CAAR/spraytec Rulings.pdf,YES
Delhi Rulings,30,298,M/s Volvo Auto India Pvt. Ltd,14.05.2021,10.09.2021,Classification of imported CKD kits,CAAR/Del/Volvo/19/2021,https://www.cbic.gov.in/CONTENTREPO/CAAR/valvo orders.pdf,YES
Delhi Rulings,30,299,M/s Amazon Wholsale India Private Limited,12.03.2021,10.08.2021,Classification of Fire TV Cube and IR Extender Cable.,CAAR/Del/Amazon/18/2021,https://www.cbic.gov.in/CONTENTREPO/CAAR/CPIO-CAA-270821.pdf,YES
Delhi Rulings,30,300,M/s Amazon Wholesale India Private Limited,12.03.2021,20.07.2021,Classification of Echo Family Devices and applicability of notification.,CAAR/Del/Amazon/17/2021,https://www.cbic.gov.in/CONTENTREPO/CAAR/Ruling Amazon 17 of 2021 (1).pdf,YES
Delhi Rulings,31,301,M/s Exor Overseas,19.04.2021,16.07.2021,Classification of Betel Nut,CAAR/Del/Exor/16/2021,https://www.cbic.gov.in/CONTENTREPO/CAAR/EXOR Ruling.pdf,YES
Delhi Rulings,31,302,M/s Amazon Wholesale India Pvt. Ltd.,12.03.2021,05.07.2021,Classification of Fire TV Stick (Lite 1st Gen/3rd Gen) and Alexa Voice Remote (1st Gen/2nd Gen).,CAAR/Del/Amazon/15/2021,https://www.cbic.gov.in/CONTENTREPO/CAAR/R15.pdf,YES
Delhi Rulings,31,303,M/s Amazon Wholesale India Pvt. Ltd.,12.03.2021,28.06.2021,Classification of Alexa voice remote (3rd Gen) & applicability of Notification,CAAR/Del/Amazon/14/2021,https://www.cbic.gov.in/CONTENTREPO/CAAR/R14.pdf,YES
Delhi Rulings,31,304,M/s Amazon Wholesale India Pvt. Ltd.,12.03.2021,24.06.2021,Classification of Smart Plug & applicability of Notification and classification of Wireless Speaker,CAAR/Del/Amazon/13/2021,https://www.cbic.gov.in/CONTENTREPO/CAAR/R13.pdf,YES
Delhi Rulings,31,305,M/s Shri Tirupati Balaji Overseas,15.03.2021,14.06.2021,Classification of Betel Nut,CAAR/Del/Tirupati/12/2021,https://www.cbic.gov.in/CONTENTREPO/CAAR/R12.pdf,YES
Delhi Rulings,31,306,M/s Sarveshwari Industries,10.03.2021,04.06.2021,Classification of Betel Nut,CAAR/Del/Sarveshwari/11/2021,https://www.cbic.gov.in/CONTENTREPO/CAAR/R11.pdf,YES
Delhi Rulings,31,307,M/s The NUT Co.,05.03.2021,04.06.2021,Classification of Betel Nut,CAAR/Del/The Nut/10/2021,https://www.cbic.gov.in/CONTENTREPO/CAAR/R10.pdf,YES
Delhi Rulings,31,308,M/s Naman Agri Impex Pvt. Ltd.,01.03.2021,31.05.2021,Classification of Betel Nut,CAAR/Del/Naman Agri/09/2021,https://www.cbic.gov.in/CONTENTREPO/CAAR/Naman_Agri_Ruling_No_09.pdf,YES
Delhi Rulings,31,309,M/s Inspiration Idea Innovation & Productions Pvt. Ltd.,01.03.2021,31.05.2021,Classification of Preparation of essential oil,CAAR/Del/Inspiration/08/2021,https://www.cbic.gov.in/CONTENTREPO/CAAR/Inspiration_Idea_Ruling_No_08.pdf,YES
Delhi Rulings,31,310,M/s Morchhadi Traders,01.03.2021,31.05.2021,Classification of Betel Nut,CAAR/Del/Morchhadi/07/2021,https://www.cbic.gov.in/CONTENTREPO/CAAR/Morchandi_Traders_Ruling_No_07.pdf,YES
Delhi Rulings,32,311,M/s Cosmos International,01.03.2021,31.05.2021,Classification of Betel Nut,CAAR/Del/Cosmos Int/06/2021,https://www.cbic.gov.in/CONTENTREPO/CAAR/Cosmos_Int_Ruling_No_06.pdf,YES
Delhi Rulings,32,312,M/s Great Nut Impex Pvt. Ltd.,23.02.2021,20.05.2021,Classification of Betel Nut,CAAR/Del/Great Nuts/05/2021,https://www.cbic.gov.in/CONTENTREPO/CAAR/Great_Nut_Ruling_No_05.pdf,YES
Delhi Rulings,32,313,M/s Perfect Trading Co.,25.02.2021,20.05.2021,Classification of Betel Nut,CAAR/Del/Perfect/04/2021,https://www.cbic.gov.in/CONTENTREPO/CAAR/Perfect_Trading_Ruling_No_04.pdf,YES
Delhi Rulings,32,314,M/s Star Spices,23.02.2021,16.04.2021,Classification of Betel Nut,CAAR/Del/Star Spices/03/2021,https://www.cbic.gov.in/CONTENTREPO/CAAR/STAR_SPICES_Ruling_No_03.pdf,YES
Delhi Rulings,32,315,M/s Globe Impex,04.02.2021,23.03.2021,Classification of Betel Nut,CAAR/Del/Globe Impex/02/2021,https://www.cbic.gov.in/CONTENTREPO/CAAR/Globe_Impex_Ruling_No_02.pdf,YES
Delhi Rulings,32,316,M/s Dry Nut Enterprises,16.12.2020,16.03.2021,Classification of Betel Nut,CAAR/Del/Dry Nut/01/2021,https://www.cbic.gov.in/CONTENTREPO/CAAR/Dry_Nut_Ruling_No_01.pdf,YES
